id,source_mesh,center_x,center_y,center_z,min_z,max_z,size_x,size_y,size_z,bbox_volume
11_001,11.001,1.357826590538025,-7.158198356628418,1.3620704412460327,1.3037902116775513,1.4203506708145142,0.15779447555541992,0.14682292938232422,0.11656045913696289,0.002700454900015893
8_001,8.001,1.0703738927841187,-7.09520959854126,1.4072767496109009,1.3119580745697021,1.5025954246520996,0.1360015869140625,0.16571998596191406,0.19063735008239746,0.004296619115662058
4_001,4.001,1.00063556432724,-6.717163562774658,1.5026620030403137,1.4090315103530884,1.596292495727539,0.14294540882110596,0.1655130386352539,0.18726098537445068,0.004430469256771011
7_001,7.001,0.9259869158267975,-6.938047885894775,1.533707082271576,1.4251035451889038,1.642310619354248,0.13240009546279907,0.2654876708984375,0.21720707416534424,0.007634957454440256
9_001,9.001,1.1522670984268188,-7.191193103790283,1.556488573551178,1.4814605712890625,1.6315165758132935,0.14858222007751465,0.10612964630126953,0.15005600452423096,0.0023662299036590582
10_001,10.001,1.318427324295044,-7.243072271347046,1.6403359174728394,1.566731572151184,1.7139402627944946,0.210557222366333,0.0739130973815918,0.14720869064331055,0.0022909995019566114
0_001,0.001,0.8653466701507568,-6.849282264709473,1.6440801620483398,1.530637264251709,1.7575230598449707,0.13107538223266602,0.27524375915527344,0.22688579559326172,0.008185513342876299
6_001,6.001,1.0488318502902985,-7.108670473098755,1.7196664810180664,1.63289475440979,1.8064382076263428,0.1809200644493103,0.13763952255249023,0.17354345321655273,0.004321535910174481
1_001,1.001,0.9892256557941437,-7.029672861099243,1.8369160890579224,1.7459429502487183,1.9278892278671265,0.18841952085494995,0.14623403549194336,0.1819462776184082,0.005013228904397846
5_001,5.001,1.2875857949256897,-7.161409378051758,1.863613247871399,1.7721844911575317,1.9550420045852661,0.3045858144760132,0.12661075592041016,0.18285751342773438,0.007051687929654443
3_001,3.001,1.5023427605628967,-7.024571418762207,1.9284006357192993,1.823758602142334,2.0330426692962646,0.11206543445587158,0.15259552001953125,0.20928406715393066,0.003578900541045007
2_001,2.001,1.241951584815979,-7.08776068687439,1.9891573190689087,1.8975732326507568,2.0807414054870605,0.32250142097473145,0.13517141342163086,0.1831681728363037,0.007984845195262023
plug_001,Plug.001,0.49942444264888763,7.122450113296509,3.032489538192749,2.580120086669922,3.484858989715576,0.3785654604434967,0.9055943489074707,0.9047389030456543,0.31016869019249454
soffietto_lowdensity_000,Soffietto Lowdensity.000,-0.128980815410614,-4.6138036251068115,3.4546242356300354,1.3104411363601685,5.598807334899902,3.362476944923401,5.2275872230529785,4.288366198539734,75.37936372336836
gomito_cover_forearm_black_001,Gomito Cover Forearm Black.001,-0.8734145313501358,7.319679260253906,3.4812053442001343,2.003913164138794,4.958497524261475,2.6362752616405487,5.093486785888672,2.9545843601226807,39.67366599003539
gomito_cover_forearm,Gomito Cover Forearm,-1.0514845848083496,3.0132189989089966,3.6791434288024902,1.6197700500488281,5.738516807556152,3.57804536819458,10.725074529647827,4.118746757507324,158.05609643264017
cerchietto_034,Cerchietto.034,-1.0245242416858673,-4.913840293884277,3.805649161338806,3.753401041030884,3.8578972816467285,0.22131747007369995,0.21430587768554688,0.10449624061584473,0.00495621851693263
gomito_cover_bicept,Gomito Cover Bicept,-1.1190760135650635,9.126175165176392,3.8771380186080933,2.3685195446014404,5.385756492614746,3.606490135192871,2.813453197479248,3.0172369480133057,30.61497159637242
cerchietto_033,Cerchietto.033,-1.201016902923584,-5.084314346313477,3.883468985557556,3.831220865249634,3.9357171058654785,0.22131752967834473,0.21430587768554688,0.10449624061584473,0.0049562198517284954
cerchietto_035,Cerchietto.035,-0.954849511384964,-5.146243333816528,3.887898802757263,3.835650682449341,3.9401469230651855,0.22131747007369995,0.21430540084838867,0.10449624061584473,0.0049562074891942465
cerchietto_032,Cerchietto.032,-1.3563986420631409,-5.241070508956909,3.956114172935486,3.9038660526275635,4.008362293243408,0.22131741046905518,0.21430540084838867,0.10449624061584473,0.0049562061544013505
cerchietto_036,Cerchietto.036,-1.130387306213379,-5.310795545578003,3.965171456336975,3.9129230976104736,4.017419815063477,0.22131752967834473,0.21430540084838867,0.10449671745300293,0.004956231440155123
cerchietto_037,Cerchietto.037,-0.8799700438976288,-5.3699421882629395,3.967412829399109,3.9151647090911865,4.019660949707031,0.22131747007369995,0.21430587768554688,0.10449624061584473,0.00495621851693263
cerchietto_031,Cerchietto.031,-1.538613736629486,-5.410047292709351,4.0377137660980225,3.9854655265808105,4.089962005615234,0.22131741046905518,0.21430540084838867,0.10449647903442383,0.004956217462479249
cerchietto_030,Cerchietto.030,-1.297331690788269,-5.490140914916992,4.045370936393738,3.9931228160858154,4.09761905670166,0.22131729125976562,0.21430587768554688,0.10449624061584473,0.004956214512545031
cerchietto_038,Cerchietto.038,-0.8126481771469116,-5.589420795440674,4.049259066581726,3.9970109462738037,4.101507186889648,0.22131752967834473,0.21430587768554688,0.10449624061584473,0.0049562198517284954
cerchietto_039,Cerchietto.039,-1.0582305192947388,-5.536669492721558,4.049462556838989,3.9972143173217773,4.101710796356201,0.22131752967834473,0.21430540084838867,0.10449647903442383,0.004956220132071133
skin_palmo,Skin Palmo,-1.0113256126642227,-5.84317684173584,4.150074362754822,3.740936040878296,4.559212684631348,1.5019602477550507,2.1850881576538086,0.8182766437530518,2.6855148418556545
cerchietto_024,Cerchietto.024,-1.6213285326957703,-5.725406885147095,4.169301748275757,4.115870475769043,4.222733020782471,0.22126638889312744,0.21320199966430664,0.10686254501342773,0.00504118035149974
cerchietto_022,Cerchietto.022,-1.128816306591034,-5.8373143672943115,4.169403791427612,4.115972518920898,4.222835063934326,0.22126638889312744,0.21320199966430664,0.10686254501342773,0.00504118035149974
cerchietto_023,Cerchietto.023,-1.3723533749580383,-5.7857506275177,4.17030930519104,4.116878032684326,4.223740577697754,0.22126638889312744,0.21320199966430664,0.10686254501342773,0.00504118035149974
cerchietto_021,Cerchietto.021,-0.8914798498153687,-5.892584562301636,4.1738035678863525,4.120372295379639,4.227234840393066,0.2212662696838379,0.21320199966430664,0.10686254501342773,0.005041177635517745
cerchietto_018,Cerchietto.018,-0.6185377538204193,-6.118112325668335,4.239085912704468,4.188799858093262,4.289371967315674,0.2210264801979065,0.21521234512329102,0.10057210922241211,0.0047839765919475705
cerchietto_025,Cerchietto.025,-1.5422523617744446,-5.956626653671265,4.250243425369263,4.196812152862549,4.303674697875977,0.22126638889312744,0.21320199966430664,0.10686254501342773,0.00504118035149974
cerchietto_026,Cerchietto.026,-1.2977600693702698,-6.012998819351196,4.251897573471069,4.1984663009643555,4.305328845977783,0.22126638889312744,0.21320199966430664,0.10686254501342773,0.00504118035149974
cerchietto_020,Cerchietto.020,-1.0521033704280853,-6.067487478256226,4.255674600601196,4.202243328094482,4.30910587310791,0.22126632928848267,0.21320199966430664,0.10686254501342773,0.005041178993508743
cerchietto_019,Cerchietto.019,-0.8069528937339783,-6.272547245025635,4.312163829803467,4.26187801361084,4.362449645996094,0.22102642059326172,0.2152118682861328,0.1005716323852539,0.004783942020229753
cerchietto_017,Cerchietto.017,-0.5494111627340317,-6.35673975944519,4.320894956588745,4.270608901977539,4.371181011199951,0.2210264503955841,0.21521234512329102,0.10057210922241211,0.004783975946895391
cerchietto_027,Cerchietto.027,-1.4658265709877014,-6.163386583328247,4.323743104934692,4.2703118324279785,4.377174377441406,0.22126638889312744,0.21320199966430664,0.10686254501342773,0.00504118035149974
cerchietto_029,Cerchietto.029,-1.2061274647712708,-6.240887880325317,4.330237150192261,4.276805877685547,4.383668422698975,0.22126638889312744,0.21320199966430664,0.10686254501342773,0.00504118035149974
cerchietto_016,Cerchietto.016,-0.7217598855495453,-6.502021312713623,4.393102407455444,4.342816352844238,4.44338846206665,0.2210264801979065,0.2152118682861328,0.10057210922241211,0.004783965992287027
cerchietto_015,Cerchietto.015,-0.4791324585676193,-6.565967321395874,4.393541097640991,4.343255043029785,4.443827152252197,0.2210264503955841,0.21521234512329102,0.10057210922241211,0.004783975946895391
cerchietto_001,Cerchietto.001,-0.9651165306568146,-6.437975645065308,4.39564061164856,4.3453545570373535,4.445926666259766,0.22102636098861694,0.21521234512329102,0.10057210922241211,0.0047839740117388545
cerchietto_028,Cerchietto.028,-1.389375627040863,-6.39812159538269,4.4101645946502686,4.356733322143555,4.463595867156982,0.22126638889312744,0.21320199966430664,0.10686254501342773,0.00504118035149974
cerchietto_013,Cerchietto.013,-0.6539196372032166,-6.731712341308594,4.473735570907593,4.423449516296387,4.524021625518799,0.22102642059326172,0.2152118682861328,0.10057210922241211,0.0047839647021855275
cerchietto_012,Cerchietto.012,-0.8958646953105927,-6.673123598098755,4.4744861125946045,4.424200057983398,4.5247721672058105,0.2210264801979065,0.21521234512329102,0.10057210922241211,0.0047839765919475705
cerchietto_011,Cerchietto.011,-1.1309444904327393,-6.608794212341309,4.475738286972046,4.42545223236084,4.526024341583252,0.22102642059326172,0.2152118682861328,0.10057210922241211,0.0047839647021855275
cerchietto_014,Cerchietto.014,-0.4066312164068222,-6.798574209213257,4.476635217666626,4.42634916305542,4.526921272277832,0.2210264503955841,0.21521234512329102,0.10057210922241211,0.004783975946895391
tip_008,Tip.008,0.46923506259918213,-10.117372035980225,4.705867767333984,4.672085762023926,4.739649772644043,0.16017770767211914,0.16271305084228516,0.06756401062011719,0.0017609210447428148
tip_009,Tip.009,0.31786759197711945,-10.0438871383667,4.717693090438843,4.6841349601745605,4.751251220703125,0.12946882843971252,0.13242340087890625,0.06711626052856445,0.0011506883243590687
tip_011,Tip.011,0.28025876730680466,-10.325811862945557,4.7363481521606445,4.673830986022949,4.79886531829834,0.09984083473682404,0.12121295928955078,0.12503433227539062,0.0015131658688497009
tip_010,Tip.010,0.17032208666205406,-10.067750453948975,4.776957273483276,4.7204508781433105,4.833463668823242,0.14533481746912003,0.1463937759399414,0.11301279067993164,0.0024044728715954676
tip_006,Tip.006,0.36477674543857574,-9.875482559204102,4.790716886520386,4.74806022644043,4.833373546600342,0.18284007906913757,0.11965370178222656,0.08531332015991211,0.001866441504440347
tip_007,Tip.007,0.5729079246520996,-9.956065654754639,4.813371658325195,4.746700763702393,4.880042552947998,0.19355344772338867,0.16890430450439453,0.13334178924560547,0.004359211170392105
tip_017,Tip.017,-0.3559243083000183,-10.311695098876953,4.816528797149658,4.788506507873535,4.844551086425781,0.12773531675338745,0.13371658325195312,0.056044578552246094,0.0009572599029331558
tip_016,Tip.016,-0.20546556264162064,-10.384212970733643,4.835363388061523,4.791797637939453,4.878929138183594,0.15326254069805145,0.1618661880493164,0.08713150024414062,0.0021615602824304296
tip_019,Tip.019,-0.39534178376197815,-10.592796802520752,4.841125726699829,4.77803373336792,4.904217720031738,0.1039472222328186,0.11676311492919922,0.12618398666381836,0.0015315204666778498
cover_test3,Cover Test3,-0.5002571940422058,-5.612126708030701,4.841220140457153,3.6633291244506836,6.019111156463623,3.4725066423416138,3.78483510017395,2.3557820320129395,30.961725276295372
tip_018,Tip.018,-0.5109625905752182,-10.333972930908203,4.850818872451782,4.804473400115967,4.897164344787598,0.15547814965248108,0.14621734619140625,0.09269094467163086,0.0021071990852981324
tip_001,Tip.001,0.3998618721961975,-9.744504928588867,4.862669944763184,4.816566467285156,4.908773422241211,0.2001209855079651,0.11777305603027344,0.09220695495605469,0.0021732128159874494
tip_014,Tip.014,-0.3220192492008209,-10.139961242675781,4.8857762813568115,4.851171970367432,4.920380592346191,0.18454980850219727,0.12157058715820312,0.06920862197875977,0.0015527527789420585
tip_000,Tip.000,0.6213540732860565,-9.833642482757568,4.891186475753784,4.819305896759033,4.963067054748535,0.19789868593215942,0.17719364166259766,0.14376115798950195,0.005041184666229344
tip_005,Tip.005,0.17526746168732643,-9.889702796936035,4.902355909347534,4.809579849243164,4.995131969451904,0.15787237137556076,0.14046096801757812,0.18555212020874023,0.004114600843517138
tip_030,Tip.030,-1.2265445590019226,-10.02159595489502,4.904880046844482,4.873755931854248,4.936004161834717,0.12697184085845947,0.1326007843017578,0.06224822998046875,0.0010480464126587426
tip_029,Tip.029,-1.3846802115440369,-10.051490306854248,4.913378715515137,4.874807834625244,4.951949596405029,0.1605910062789917,0.14878177642822266,0.07714176177978516,0.0018431492861871214
tip_028,Tip.028,-1.2587657570838928,-10.304784774780273,4.914316177368164,4.853882312774658,4.97475004196167,0.10892975330352783,0.12014961242675781,0.12086772918701172,0.001581900841687327
tip_004,Tip.004,0.6684178709983826,-10.025873184204102,4.928625106811523,4.854396343231201,5.002853870391846,0.09032034873962402,0.1821727752685547,0.14845752716064453,0.0024427065818620254
tip_031,Tip.031,-1.0794615745544434,-10.089241027832031,4.942873954772949,4.890704154968262,4.995043754577637,0.14516973495483398,0.16099166870117188,0.104339599609375,0.0024385330815308026
tip_015,Tip.015,-0.12166940979659557,-10.217527866363525,4.950669050216675,4.870955944061279,5.03038215637207,0.17526963725686073,0.16588497161865234,0.15942621231079102,0.004635253161453275
tip_021,Tip.021,-0.29906684160232544,-10.005584239959717,4.956404685974121,4.918938159942627,4.993871212005615,0.20339596271514893,0.1199178695678711,0.07493305206298828,0.00182767787511615
tip_013,Tip.013,-0.5265975445508957,-10.150487899780273,4.9670729637146,4.883612632751465,5.050533294677734,0.17684796452522278,0.13822555541992188,0.16692066192626953,0.004080360244347852
tip_033,Tip.033,-1.2120030522346497,-9.851556301116943,4.983498573303223,4.944864749908447,5.022132396697998,0.18502366542816162,0.1183176040649414,0.07726764678955078,0.0016915090776283368
tip_002,Tip.002,0.20279812067747116,-9.765515804290771,4.983914613723755,4.885509967803955,5.082319259643555,0.1542281061410904,0.14700794219970703,0.1968092918395996,0.004462209153406629
tip_022,Tip.022,-0.08711333660176024,-10.091345310211182,5.029779672622681,4.944468021392822,5.115091323852539,0.17742925707716495,0.17363834381103516,0.1706233024597168,0.005256651825981544
tip_034,Tip.034,-1.424796223640442,-9.87324571609497,5.031499624252319,4.95781946182251,5.105179786682129,0.19055509567260742,0.1435689926147461,0.14736032485961914,0.004031454755698352
tip_020,Tip.020,-0.5118900537490845,-10.022368431091309,5.0465028285980225,4.956428527832031,5.136577129364014,0.17275822162628174,0.1440906524658203,0.18014860153198242,0.004484411192017354
tip_026,Tip.026,-1.2047482132911682,-9.719072818756104,5.0608298778533936,5.019190788269043,5.102468967437744,0.20277464389801025,0.11606884002685547,0.08327817916870117,0.00196002004364399
tip_032,Tip.032,-1.0205654799938202,-9.923792362213135,5.074131965637207,4.985901832580566,5.162362098693848,0.1580408215522766,0.1649312973022461,0.17646026611328125,0.004599591719887939
tip_023,Tip.023,-0.045469000935554504,-10.281437873840332,5.081206321716309,5.0059943199157715,5.156418323516846,0.0685073584318161,0.18616485595703125,0.15042400360107422,0.0019184569760013776
tip_027,Tip.027,-1.4266235828399658,-9.738771915435791,5.116050720214844,5.0354485511779785,5.196652889251709,0.1865081787109375,0.1500558853149414,0.16120433807373047,0.004511569367992088
tip_025,Tip.025,-1.003212332725525,-9.799551010131836,5.161327123641968,5.067772388458252,5.254881858825684,0.15899133682250977,0.17280006408691406,0.18710947036743164,0.005140591924418106
tip_003,Tip.003,0.1877911239862442,-9.811272144317627,5.1780853271484375,5.113081455230713,5.243089199066162,0.08539700508117676,0.19467449188232422,0.13000774383544922,0.0021613291527291757
paf1003801,Paf1003801,0.8139564394950867,-7.408431768417358,5.1786863803863525,4.72917366027832,5.628199100494385,0.5394428968429565,0.7444577217102051,0.8990254402160645,0.36104181114702655
paf1004101,Paf1004101,-1.8167667388916016,-7.091383934020996,5.189798831939697,4.79523229598999,5.584365367889404,0.3648531436920166,0.6711816787719727,0.7891330718994141,0.19324507320245463
sme1000300,Sme1000300,0.5743296407163143,-9.456816673278809,5.19086766242981,4.678070545196533,5.703664779663086,0.9547881558537483,1.8280277252197266,1.0255942344665527,1.7900508656174596
tip_024,Tip.024,-0.9604194760322571,-9.990063667297363,5.212199687957764,5.13355016708374,5.290849208831787,0.045374512672424316,0.18410873413085938,0.15729904174804688,0.0013140516702577366
tip_012,Tip.012,-0.5910969972610474,-10.059507846832275,5.249517202377319,5.177555084228516,5.321479320526123,0.04389941692352295,0.19311046600341797,0.14392423629760742,0.0012201086257474325
cerchietto_102,Cerchietto.102,0.7923431396484375,-4.660403251647949,5.284363508224487,5.222072601318359,5.346654415130615,0.20998680591583252,0.22032928466796875,0.12458181381225586,0.005763932438471878
paf1004201,Paf1004201,0.7598803788423538,-8.108506917953491,5.30453085899353,4.89015007019043,5.718911647796631,0.7579430043697357,1.4821476936340332,0.8287615776062012,0.9310170616878078
tip_035,Tip.035,-1.506466031074524,-9.806037902832031,5.310898303985596,5.234365940093994,5.387430667877197,0.03992295265197754,0.18764686584472656,0.15306472778320312,0.0011466716946944861
sme1000600,Sme1000600,-1.847019076347351,-8.846132755279541,5.324800729751587,4.946824073791504,5.70277738571167,0.5727112293243408,1.4808244705200195,0.755953311920166,0.6411125155603804
paf1004401,Paf1004401,-1.819357693195343,-7.7368903160095215,5.363539457321167,5.028679370880127,5.698399543762207,0.5897516012191772,1.2536325454711914,0.6697201728820801,0.4951454216044431
cerchietto_103,Cerchietto.103,0.6832687854766846,-4.869908809661865,5.383566617965698,5.32127571105957,5.445857524871826,0.20998680591583252,0.22032928466796875,0.12458181381225586,0.005763932438471878
cerchietto_101,Cerchietto.101,0.5569654852151871,-4.649724960327148,5.388047456741333,5.325756549835205,5.450338363647461,0.20998677611351013,0.22032928466796875,0.12458181381225586,0.005763931620427278
sme1000500,Sme1000500,-1.1604354679584503,-9.437681198120117,5.395578622817993,4.870224475860596,5.920932769775391,0.7236377596855164,1.8373260498046875,1.050708293914795,1.3969781500166412
sme1000400,Sme1000400,-0.1888662651181221,-9.652478218078613,5.421651363372803,4.78325080871582,6.060051918029785,0.833131417632103,1.9517364501953125,1.2768011093139648,2.0761462175075462
paf1004001,Paf1004001,-0.9982064664363861,-7.380466461181641,5.463670492172241,5.02781343460083,5.899527549743652,0.4203253388404846,0.7457542419433594,0.8717141151428223,0.2732469873716218
cerchietto_105,Cerchietto.105,0.5837148576974869,-5.077187538146973,5.478931188583374,5.416640281677246,5.541222095489502,0.20998677611351013,0.22032928466796875,0.12458181381225586,0.005763931620427278
cerchietto_110,Cerchietto.110,0.3454209491610527,-4.644857406616211,5.484059572219849,5.421768665313721,5.546350479125977,0.20998676121234894,0.22032928466796875,0.12458181381225586,0.005763931211404978
cerchietto_104,Cerchietto.104,0.45272399485111237,-4.855823516845703,5.486099481582642,5.423808574676514,5.5483903884887695,0.20998677611351013,0.22032928466796875,0.12458181381225586,0.005763931620427278
cerchietto_075,Cerchietto.075,-1.8230263590812683,-5.5038368701934814,5.494983196258545,5.4408698081970215,5.549096584320068,0.21361219882965088,0.22114801406860352,0.10822677612304688,0.0051126235480649295
paf1003901,Paf1003901,-0.042804598808288574,-7.397348642349243,5.498847246170044,5.047610759735107,5.9500837326049805,0.44049549102783203,0.7367463111877441,0.902472972869873,0.2928826476617123
cerchietto_076,Cerchietto.076,-1.7225095629692078,-5.282421350479126,5.511540412902832,5.457427024841309,5.5656538009643555,0.21361219882965088,0.22114801406860352,0.10822677612304688,0.0051126235480649295
cerchietto_078,Cerchietto.078,-1.6131758093833923,-5.059398412704468,5.528173446655273,5.47406005859375,5.582286834716797,0.21361219882965088,0.22114801406860352,0.10822677612304688,0.0051126235480649295
cerchietto_079,Cerchietto.079,-1.5065717101097107,-4.8268210887908936,5.541399955749512,5.487286567687988,5.595513343811035,0.21361219882965088,0.22114801406860352,0.10822677612304688,0.0051126235480649295
cerchietto_062,Cerchietto.062,-1.824004590511322,-5.858537673950195,5.558426856994629,5.501522541046143,5.615331172943115,0.21229588985443115,0.22116661071777344,0.11380863189697266,0.005343629655761864
paf1004201_001,Paf1004201.001,-1.03905588388443,-8.093799352645874,5.56780481338501,5.168750286102295,5.966859340667725,0.7993639707565308,1.467787265777588,0.7981090545654297,0.9364183663977067
cerchietto_106,Cerchietto.106,0.4822073131799698,-5.27604866027832,5.576671838760376,5.514380931854248,5.638962745666504,0.20998677611351013,0.22032928466796875,0.12458181381225586,0.005763931620427278
cerchietto_107,Cerchietto.107,0.3502517268061638,-5.0625457763671875,5.586577653884888,5.52428674697876,5.648868560791016,0.20998676121234894,0.22032928466796875,0.12458181381225586,0.005763931211404978
cerchietto_074,Cerchietto.074,-1.5907195210456848,-5.4894750118255615,5.589433670043945,5.535320281982422,5.643547058105469,0.21361219882965088,0.22114801406860352,0.10822677612304688,0.0051126235480649295
cerchietto_109,Cerchietto.109,0.10756874340586364,-4.628935813903809,5.5917017459869385,5.5294108390808105,5.653992652893066,0.20998677099123597,0.22032928466796875,0.12458181381225586,0.005763931479825862
cerchietto_108,Cerchietto.108,0.21786027774214745,-4.858121395111084,5.5924060344696045,5.530115127563477,5.654696941375732,0.20998675376176834,0.22032928466796875,0.12458181381225586,0.0057639310068938274
cerchietto_077,Cerchietto.077,-1.484778344631195,-5.261950254440308,5.607855319976807,5.553741931915283,5.66196870803833,0.21361219882965088,0.22114801406860352,0.10822677612304688,0.0051126235480649295
cerchietto_080,Cerchietto.080,-1.3790540099143982,-5.0349204540252686,5.623260498046875,5.569147109985352,5.677373886108398,0.21361219882965088,0.22114801406860352,0.10822677612304688,0.0051126235480649295
skin_dorso_001,Skin Dorso.001,-0.4988064467906952,-5.61885404586792,5.642084121704102,5.18942403793335,6.0947442054748535,2.9698053002357483,2.306717872619629,0.9053201675415039,6.201898491342275
cerchietto_061,Cerchietto.061,-1.6908801198005676,-6.065859794616699,5.646228790283203,5.589324474334717,5.7031331062316895,0.21229588985443115,0.22116661071777344,0.11380863189697266,0.005343629655761864
cerchietto_063,Cerchietto.063,-1.5915347933769226,-5.813676357269287,5.651357650756836,5.59445333480835,5.708261966705322,0.21229588985443115,0.22116661071777344,0.11380863189697266,0.005343629655761864
paf1004301,Paf1004301,-0.07055588066577911,-8.176392793655396,5.655781984329224,5.225686550140381,6.085877418518066,0.7437717616558075,1.5774359703063965,0.8601908683776855,1.0092209410282076
cerchietto_073,Cerchietto.073,-1.367637813091278,-5.4776833057403564,5.686625957489014,5.63251256942749,5.740739345550537,0.21361219882965088,0.22114801406860352,0.10822677612304688,0.0051126235480649295
cerchietto_099,Cerchietto.099,-0.1706902328878641,-4.777940273284912,5.693447828292847,5.654910564422607,5.731985092163086,0.2204737775027752,0.22129154205322266,0.07707452774047852,0.0037603877624574453
cerchietto_071,Cerchietto.071,-1.2674600481987,-5.22589898109436,5.694446563720703,5.64033317565918,5.748559951782227,0.21361219882965088,0.22114801406860352,0.10822677612304688,0.0051126235480649295
cerchietto_082,Cerchietto.082,-1.250840425491333,-4.651618957519531,5.69959831237793,5.674088954925537,5.725107669830322,0.22137928009033203,0.22108173370361328,0.051018714904785156,0.002497004629464888
cerchietto_100,Cerchietto.100,-0.0518046859651804,-5.010638236999512,5.7049291133880615,5.666391849517822,5.743466377258301,0.2204737775027752,0.22129154205322266,0.07707452774047852,0.0037603877624574453
cerchietto_007,Cerchietto.007,0.8365932106971741,-6.595820665359497,5.711855173110962,5.658649444580078,5.765060901641846,0.21471142768859863,0.22126340866088867,0.10641145706176758,0.005055372343640047
cerchietto_006,Cerchietto.006,0.72050541639328,-6.366070985794067,5.71428656578064,5.661080837249756,5.767492294311523,0.21471142768859863,0.22126340866088867,0.10641145706176758,0.005055372343640047
cerchietto_091,Cerchietto.091,0.061992475762963295,-5.2129998207092285,5.714567422866821,5.676030158996582,5.7531046867370605,0.2204737775027752,0.22129154205322266,0.07707452774047852,0.0037603877624574453
cerchietto_003,Cerchietto.003,0.6119861006736755,-6.160680055618286,5.719884157180786,5.666678428649902,5.77308988571167,0.21471142768859863,0.22126340866088867,0.10641145706176758,0.005055372343640047
cerchietto_070,Cerchietto.070,-1.5790855288505554,-6.255548000335693,5.72048282623291,5.663578510284424,5.7773871421813965,0.21229588985443115,0.22116661071777344,0.11380863189697266,0.005343629655761864
cerchietto_083,Cerchietto.083,-0.9996848106384277,-4.619263648986816,5.72336483001709,5.697855472564697,5.748874187469482,0.22137928009033203,0.22108173370361328,0.051018714904785156,0.002497004629464888
cerchietto,Cerchietto,0.4989495873451233,-5.924842119216919,5.7240235805511475,5.670817852020264,5.777229309082031,0.21471142768859863,0.22126340866088867,0.10641145706176758,0.005055372343640047
cerchietto_081,Cerchietto.081,-1.1068366765975952,-4.868257999420166,5.726883888244629,5.701374530792236,5.7523932456970215,0.22137928009033203,0.22108173370361328,0.051018714904785156,0.002497004629464888
cerchietto_092,Cerchietto.092,0.18344497680664062,-5.4395575523376465,5.728283643722534,5.689746379852295,5.766820907592773,0.2204737663269043,0.22129154205322266,0.07707452774047852,0.0037603875718424497
cerchietto_067,Cerchietto.067,-1.4727359414100647,-6.028493881225586,5.7301459312438965,5.67324161529541,5.787050247192383,0.21229588985443115,0.22116661071777344,0.11380863189697266,0.005343629655761864
cerchietto_064,Cerchietto.064,-1.3640843033790588,-5.801630973815918,5.737797260284424,5.6808929443359375,5.79470157623291,0.21229588985443115,0.22116661071777344,0.11380863189697266,0.005343629655761864
cerchietto_084,Cerchietto.084,-0.7566143572330475,-4.618906021118164,5.739717960357666,5.714208602905273,5.765227317810059,0.22137922048568726,0.22108173370361328,0.051018714904785156,0.0024970039571658637
cerchietto_087,Cerchietto.087,-0.8723184764385223,-4.842306137084961,5.745664596557617,5.720155239105225,5.77117395401001,0.22137922048568726,0.22108173370361328,0.051018714904785156,0.0024970039571658637
cerchietto_090,Cerchietto.090,-0.9864180088043213,-5.065750598907471,5.7490010261535645,5.723491668701172,5.774510383605957,0.22137928009033203,0.22108173370361328,0.051018714904785156,0.002497004629464888
cerchietto_098,Cerchietto.098,-0.31679894775152206,-4.977800369262695,5.751746416091919,5.71320915222168,5.790283679962158,0.2204737812280655,0.22129154205322266,0.07707452774047852,0.003760387825995777
cerchietto_085,Cerchietto.085,-0.5064707845449448,-4.615279674530029,5.7622761726379395,5.736766815185547,5.787785530090332,0.22137919068336487,0.22108173370361328,0.051018714904785156,0.002497003621016352
cerchietto_094,Cerchietto.094,-0.18388226255774498,-5.198450565338135,5.762434720993042,5.723897457122803,5.800971984863281,0.2204737737774849,0.22129154205322266,0.07707452774047852,0.003760387698919113
cerchietto_086,Cerchietto.086,-0.6161524951457977,-4.832855701446533,5.76806116104126,5.742551803588867,5.793570518493652,0.22137922048568726,0.22108173370361328,0.051018714904785156,0.0024970039571658637
cerchietto_088,Cerchietto.088,-0.7337815463542938,-5.052238941192627,5.770118236541748,5.7446088790893555,5.795627593994141,0.22137922048568726,0.22108173370361328,0.051018714904785156,0.0024970039571658637
cerchietto_089,Cerchietto.089,-0.8479869067668915,-5.281551837921143,5.772098541259766,5.746589183807373,5.797607898712158,0.22137922048568726,0.22108173370361328,0.051018714904785156,0.0024970039571658637
cerchietto_093,Cerchietto.093,-0.06785031594336033,-5.422589302062988,5.7751243114471436,5.736587047576904,5.813661575317383,0.2204737775027752,0.22129154205322266,0.07707452774047852,0.0037603877624574453
cerchietto_072,Cerchietto.072,-1.1330910325050354,-5.435209512710571,5.775365829467773,5.72125244140625,5.829479217529297,0.21361219882965088,0.22114801406860352,0.10822677612304688,0.0051126235480649295
cerchietto_045,Cerchietto.045,0.1972685642540455,-5.775657415390015,5.783664226531982,5.738682270050049,5.828646183013916,0.22104325145483017,0.21914243698120117,0.08996391296386719,0.0043578480577140056
cerchietto_008,Cerchietto.008,0.5964981913566589,-6.571265935897827,5.797780275344849,5.744574546813965,5.850986003875732,0.21471142768859863,0.22126340866088867,0.10641145706176758,0.005055372343640047
cerchietto_004,Cerchietto.004,0.48586028814315796,-6.344076871871948,5.800399541854858,5.747193813323975,5.853605270385742,0.21471142768859863,0.22126340866088867,0.10641145706176758,0.005055372343640047
cerchietto_069,Cerchietto.069,-1.4500663876533508,-6.462619781494141,5.802595138549805,5.745690822601318,5.859499454498291,0.21229588985443115,0.22116661071777344,0.11380863189697266,0.005343629655761864
cerchietto_002,Cerchietto.002,0.35878539085388184,-6.119877576828003,5.807727575302124,5.75452184677124,5.860933303833008,0.21471142768859863,0.22126340866088867,0.10641145706176758,0.005055372343640047
cerchietto_068,Cerchietto.068,-1.3441115021705627,-6.229604721069336,5.813045024871826,5.75614070892334,5.8699493408203125,0.21229588985443115,0.22116661071777344,0.11380863189697266,0.005343629655761864
cerchietto_097,Cerchietto.097,-0.42995601892471313,-5.184585094451904,5.8132851123809814,5.774747848510742,5.851822376251221,0.2204737663269043,0.22129154205322266,0.07707452774047852,0.0037603875718424497
cerchietto_095,Cerchietto.095,-0.3120143339037895,-5.41329288482666,5.82274317741394,5.784205913543701,5.86128044128418,0.2204737812280655,0.22129154205322266,0.07707452774047852,0.003760387825995777
cerchietto_044,Cerchietto.044,-0.049877604469656944,-5.7572386264801025,5.8245720863342285,5.779590129852295,5.869554042816162,0.22104324772953987,0.21914243698120117,0.08996391296386719,0.004357847984270238
cerchietto_066,Cerchietto.066,-1.2346994280815125,-6.006337642669678,5.825328826904297,5.7684245109558105,5.882233142852783,0.21229588985443115,0.22116661071777344,0.11380863189697266,0.005343629655761864
cerchietto_065,Cerchietto.065,-1.131755292415619,-5.785518169403076,5.831910133361816,5.77500581741333,5.888814449310303,0.21229588985443115,0.22116661071777344,0.11380863189697266,0.005343629655761864
cerchietto_046,Cerchietto.046,0.08130169939249754,-5.975968599319458,5.860016345977783,5.81503438949585,5.904998302459717,0.22104323841631413,0.21914243698120117,0.08996391296386719,0.00435784780066082
cerchietto_043,Cerchietto.043,-0.2884064242243767,-5.735235929489136,5.868964672088623,5.8239827156066895,5.913946628570557,0.22104324400424957,0.21914243698120117,0.08996391296386719,0.004357847910826471
cerchietto_096,Cerchietto.096,-0.5503161549568176,-5.397282600402832,5.871307134628296,5.832769870758057,5.909844398498535,0.2204737663269043,0.22129154205322266,0.07707452774047852,0.0037603875718424497
cerchietto_009,Cerchietto.009,0.36336350440979004,-6.5545737743377686,5.883451223373413,5.830245494842529,5.936656951904297,0.21471142768859863,0.22126340866088867,0.10641145706176758,0.005055372343640047
cerchietto_005,Cerchietto.005,0.2514752149581909,-6.322729825973511,5.889496088027954,5.83629035949707,5.942701816558838,0.21471142768859863,0.22126340866088867,0.10641145706176758,0.005055372343640047
cerchietto_047,Cerchietto.047,-0.17192127369344234,-5.962589979171753,5.903733253479004,5.85875129699707,5.9487152099609375,0.22104324772953987,0.21914243698120117,0.08996391296386719,0.004357847984270238
cerchietto_042,Cerchietto.042,-0.538400337100029,-5.745028257369995,5.914768695831299,5.869786739349365,5.959750652313232,0.22104325890541077,0.21914243698120117,0.08996391296386719,0.00435784820460154
cerchietto_059,Cerchietto.059,-0.8171814382076263,-5.913392543792725,5.917786359786987,5.882343292236328,5.9532294273376465,0.22110658884048462,0.22121524810791016,0.07088613510131836,0.0034671931956337617
cerchietto_058,Cerchietto.058,-0.9305337071418762,-6.142754554748535,5.931051015853882,5.895607948303223,5.966494083404541,0.2211066484451294,0.22121524810791016,0.07088613510131836,0.003467194130299797
cerchietto_048,Cerchietto.048,-0.04339729622006416,-6.177895784378052,5.935153961181641,5.890172004699707,5.980135917663574,0.22104325145483017,0.21914243698120117,0.08996391296386719,0.0043578480577140056
cerchietto_056,Cerchietto.056,-1.0470105111598969,-6.3625168800354,5.941412687301636,5.905969619750977,5.976855754852295,0.22110658884048462,0.22121524810791016,0.07088613510131836,0.0034671931956337617
cerchietto_041,Cerchietto.041,-0.4042309522628784,-5.966948747634888,5.948878765106201,5.903896808624268,5.993860721588135,0.22104322910308838,0.21914243698120117,0.08996391296386719,0.004357847617051403
cerchietto_055,Cerchietto.055,-1.1548125743865967,-6.580938816070557,5.94996190071106,5.9145188331604,5.985404968261719,0.22110652923583984,0.22121524810791016,0.07088613510131836,0.003467192260967726
cerchietto_010,Cerchietto.010,0.13634116295725107,-6.531327486038208,5.9690258502960205,5.915820121765137,6.022231578826904,0.21471144072711468,0.22126340866088867,0.10641145706176758,0.005055372650631408
cerchietto_060,Cerchietto.060,-0.681009978055954,-6.124456882476807,5.9741432666778564,5.938700199127197,6.009586334228516,0.22110658884048462,0.22121524810791016,0.07088613510131836,0.0034671931956337617
cerchietto_050,Cerchietto.050,-0.29310392588377,-6.168623685836792,5.98003625869751,5.935054302215576,6.025018215179443,0.22104324400424957,0.21914243698120117,0.08996391296386719,0.004357847910826471
cerchietto_057,Cerchietto.057,-0.7938108146190643,-6.348321914672852,5.985004663467407,5.949561595916748,6.020447731018066,0.22110658884048462,0.22121524810791016,0.07088613510131836,0.0034671931956337617
cerchietto_054,Cerchietto.054,-0.9074749648571014,-6.572703838348389,5.992974042892456,5.957530975341797,6.028417110443115,0.22110658884048462,0.22121524810791016,0.07088613510131836,0.0034671931956337617
cerchietto_049,Cerchietto.049,-0.16535492800176144,-6.389904260635376,6.011378765106201,5.966396808624268,6.056360721588135,0.22104324772953987,0.21914243698120117,0.08996391296386719,0.004357847984270238
cerchietto_051,Cerchietto.051,-0.5621824115514755,-6.31803035736084,6.023159742355347,5.9877166748046875,6.058602809906006,0.22110655903816223,0.22121524810791016,0.07088613510131836,0.003467192728300744
cerchietto_053,Cerchietto.053,-0.668641060590744,-6.566731929779053,6.040654420852661,6.005211353302002,6.07609748840332,0.22110658884048462,0.22121524810791016,0.07088613510131836,0.0034671931956337617
cerchietto_052,Cerchietto.052,-0.41954974830150604,-6.530521869659424,6.077168703079224,6.0417256355285645,6.112611770629883,0.22110655903816223,0.22121524810791016,0.07088613510131836,0.003467192728300744
